2023,2,Ковалев Иван Иванович,2015-06-21,2
2025,10,Ковалев Иван Иванович,2011-01-14,1
2025,9,Ковалев Иван Иванович,2006-09-08,3
2021,9,Ковалев Иван Иванович,2015-11-07,3
2019,6,Ковалев Иван Иванович,2014-12-24,2
2018,2,Ковалев Иван Иванович,2015-05-03,3
2019,4,Ковалев Иван Иванович,2007-11-28,2
2023,6,Ковалев Иван Иванович,2008-11-03,3
2024,4,Ковалев Иван Иванович,2006-10-02,3
2018,7,Ковалев Иван Иванович,2012-11-16,3
2019,1,Ковалев Иван Иванович,2008-02-17,3
2025,7,Ковалев Иван Иванович,2006-07-16,4
2021,8,Ковалев Иван Иванович,2013-08-30,2
2024,8,Ковалев Иван Иванович,2007-03-19,3
2021,3,Ковалев Иван Иванович,2014-07-07,4
2021,1,Ковалев Иван Иванович,2015-06-08,4
2022,5,Ковалев Иван Иванович,2015-06-11,4
2022,1,Ковалев Иван Иванович,2009-08-16,2
2020,5,Ковалев Иван Иванович,2007-07-24,1
2022,9,Ковалев Иван Иванович,2006-08-29,4
2023,1,Ковалев Иван Иванович,2014-11-11,4
2024,9,Ковалев Иван Иванович,2010-07-13,4
2022,7,Ковалев Иван Иванович,2007-04-15,4
2025,8,Ковалев Иван Иванович,2006-01-24,3
2022,4,Ковалев Иван Иванович,2011-12-16,1
2019,10,Ковалев Иван Иванович,2013-01-23,2
2025,5,Ковалев Иван Иванович,2009-03-23,1
2018,4,Ковалев Иван Иванович,2016-02-05,3
2023,3,Ковалев Иван Иванович,2015-11-08,3
2022,1,Ковалев Иван Иванович,2015-12-29,3
2021,5,Ковалев Иван Иванович,2009-02-28,1
2018,10,Ковалев Иван Иванович,2012-12-29,1
2022,10,Ковалев Иван Иванович,2007-06-17,4
2024,4,Ковалев Иван Иванович,2016-07-10,2
2019,9,Ковалев Иван Иванович,2011-11-24,1
2019,2,Ковалев Иван Иванович,2016-06-11,2
2020,8,Ковалев Иван Иванович,2006-12-30,3
2019,8,Ковалев Иван Иванович,2015-11-19,3
2020,3,Ковалев Иван Иванович,2011-07-30,2
2023,3,Ковалев Иван Иванович,2016-03-24,3
2022,8,Ковалев Иван Иванович,2014-12-20,2
2019,6,Ковалев Иван Иванович,2014-03-19,1
2023,3,Ковалев Иван Иванович,2006-03-21,4
2023,8,Ковалев Иван Иванович,2015-04-01,1
2019,9,Ковалев Иван Иванович,2014-06-19,1
2018,9,Ковалев Иван Иванович,2007-12-03,2
2025,1,Ковалев Иван Иванович,2010-05-31,4
2023,3,Ковалев Иван Иванович,2015-04-10,1
2023,3,Ковалев Иван Иванович,2013-03-07,2
2021,2,Ковалев Иван Иванович,2009-06-27,3
2018,8,Ковалев Иван Иванович,2015-05-22,1
2022,1,Ковалев Иван Иванович,2010-09-08,1
2022,6,Ковалев Иван Иванович,2010-12-01,2
2019,5,Ковалев Иван Иванович,2015-12-22,3
2023,9,Ковалев Иван Иванович,2015-10-02,4
2022,3,Ковалев Иван Иванович,2012-01-07,4
2022,5,Ковалев Иван Иванович,2007-06-18,1
2023,9,Ковалев Иван Иванович,2010-10-29,1
2021,3,Ковалев Иван Иванович,2014-05-04,1
2023,6,Ковалев Иван Иванович,2007-09-13,2
2019,7,Ковалев Иван Иванович,2006-10-22,4
2021,8,Ковалев Иван Иванович,2013-02-25,2
2019,3,Ковалев Иван Иванович,2015-01-16,3
2019,3,Ковалев Иван Иванович,2013-01-27,1
2022,6,Ковалев Иван Иванович,2012-08-07,2
2023,9,Ковалев Иван Иванович,2016-06-18,4
2018,2,Ковалев Иван Иванович,2011-03-02,1
2020,10,Ковалев Иван Иванович,2015-10-30,2
2021,3,Ковалев Иван Иванович,2008-06-15,4
2024,4,Ковалев Иван Иванович,2016-06-29,4
2020,3,Ковалев Иван Иванович,2010-05-14,1
2018,10,Ковалев Иван Иванович,2007-07-21,1
2023,10,Ковалев Иван Иванович,2013-10-12,1
2024,4,Ковалев Иван Иванович,2008-09-25,3
2021,5,Ковалев Иван Иванович,2009-09-07,1
2022,5,Ковалев Иван Иванович,2014-05-30,2
2024,9,Ковалев Иван Иванович,2013-06-08,2
2023,10,Ковалев Иван Иванович,2006-09-17,3
2018,3,Ковалев Иван Иванович,2007-08-11,2
2023,1,Ковалев Иван Иванович,2013-04-13,3
2022,1,Ковалев Иван Иванович,2008-06-30,3
2023,3,Ковалев Иван Иванович,2006-03-15,4
2020,6,Ковалев Иван Иванович,2009-06-25,3
2022,6,Ковалев Иван Иванович,2014-01-09,2
2025,2,Ковалев Иван Иванович,2013-10-30,3
2018,4,Ковалев Иван Иванович,2011-01-23,2
2019,8,Ковалев Иван Иванович,2009-03-20,2
2019,4,Ковалев Иван Иванович,2016-04-22,2
2019,4,Ковалев Иван Иванович,2014-12-15,2
2021,10,Ковалев Иван Иванович,2013-06-27,3
2020,4,Ковалев Иван Иванович,2012-12-25,3
2020,4,Ковалев Иван Иванович,2008-10-16,1
2021,5,Ковалев Иван Иванович,2016-08-07,2
2018,1,Ковалев Иван Иванович,2014-03-16,3
2021,10,Ковалев Иван Иванович,2015-07-03,3
2018,7,Ковалев Иван Иванович,2014-05-18,2
2024,9,Ковалев Иван Иванович,2015-01-11,2
2024,7,Ковалев Иван Иванович,2014-01-30,2
2025,5,Ковалев Иван Иванович,2006-04-20,2
2025,1,Ковалев Иван Иванович,2016-05-29,3
2023,1,Ковалев Иван Иванович,2014-05-05,1
2022,3,Ковалев Иван Иванович,2013-11-17,3
2025,5,Ковалев Иван Иванович,2016-09-14,1
2025,5,Ковалев Иван Иванович,2007-11-09,1
2023,5,Ковалев Иван Иванович,2012-08-15,4
2022,6,Ковалев Иван Иванович,2006-06-27,4
2021,10,Ковалев Иван Иванович,2010-10-24,2
2022,1,Ковалев Иван Иванович,2010-08-18,2
2018,3,Ковалев Иван Иванович,2011-11-21,2
2023,10,Ковалев Иван Иванович,2014-03-27,4
2021,10,Ковалев Иван Иванович,2014-12-30,1
2025,2,Ковалев Иван Иванович,2011-04-15,3
2019,1,Ковалев Иван Иванович,2015-11-11,4
2020,1,Ковалев Иван Иванович,2015-12-13,4
2025,8,Ковалев Иван Иванович,2011-03-11,2
2023,9,Ковалев Иван Иванович,2008-07-04,4
2023,7,Ковалев Иван Иванович,2016-03-14,2
2025,9,Ковалев Иван Иванович,2014-05-20,3
2020,8,Ковалев Иван Иванович,2006-02-15,1
2020,10,Ковалев Иван Иванович,2006-10-24,1
2019,4,Ковалев Иван Иванович,2013-02-16,3
2020,10,Ковалев Иван Иванович,2008-07-25,4
2021,5,Ковалев Иван Иванович,2012-09-13,3
2023,3,Ковалев Иван Иванович,2010-09-28,2
2023,5,Ковалев Иван Иванович,2014-04-18,2
2023,10,Ковалев Иван Иванович,2015-09-16,1
2022,3,Ковалев Иван Иванович,2009-12-02,4
2023,2,Ковалев Иван Иванович,2013-09-28,3
2022,4,Ковалев Иван Иванович,2007-10-06,3
2024,7,Ковалев Иван Иванович,2007-07-18,1
2021,10,Ковалев Иван Иванович,2012-09-10,4
2020,6,Ковалев Иван Иванович,2013-09-15,2
2020,2,Ковалев Иван Иванович,2012-08-02,1
2020,3,Ковалев Иван Иванович,2010-11-09,4
2021,6,Ковалев Иван Иванович,2015-11-20,1
2021,1,Ковалев Иван Иванович,2014-07-24,2
2022,1,Ковалев Иван Иванович,2008-10-28,1
2022,1,Ковалев Иван Иванович,2009-11-05,4
2020,1,Ковалев Иван Иванович,2008-10-21,3
2021,8,Ковалев Иван Иванович,2014-03-26,1
2018,4,Ковалев Иван Иванович,2014-10-29,3
2020,8,Ковалев Иван Иванович,2007-09-28,1
2020,8,Ковалев Иван Иванович,2008-03-15,3
2018,4,Ковалев Иван Иванович,2010-07-11,4
2020,1,Ковалев Иван Иванович,2016-10-06,4
2020,9,Ковалев Иван Иванович,2010-04-07,2
2019,3,Ковалев Иван Иванович,2008-03-14,4
2021,9,Ковалев Иван Иванович,2013-11-24,1
2019,1,Ковалев Иван Иванович,2008-09-25,2
2021,3,Ковалев Иван Иванович,2012-04-04,1
2025,3,Ковалев Иван Иванович,2007-05-19,4
2022,8,Ковалев Иван Иванович,2010-08-25,1
2024,9,Ковалев Иван Иванович,2014-10-22,4
2019,5,Ковалев Иван Иванович,2006-06-04,4
2025,9,Ковалев Иван Иванович,2013-12-16,4
2018,1,Ковалев Иван Иванович,2007-09-20,4
2025,9,Ковалев Иван Иванович,2009-03-10,3
2022,2,Ковалев Иван Иванович,2013-06-15,3
2022,7,Ковалев Иван Иванович,2007-01-17,4
2022,9,Ковалев Иван Иванович,2008-10-28,4
2025,4,Ковалев Иван Иванович,2010-10-26,2
2021,1,Ковалев Иван Иванович,2014-05-03,3
2018,5,Ковалев Иван Иванович,2016-11-15,4
2019,1,Ковалев Иван Иванович,2015-12-27,1
2024,10,Ковалев Иван Иванович,2011-10-18,4
2021,4,Ковалев Иван Иванович,2010-08-10,3
2020,7,Ковалев Иван Иванович,2008-06-16,2
2025,4,Ковалев Иван Иванович,2014-07-13,1
2024,9,Ковалев Иван Иванович,2008-10-19,1
2022,9,Ковалев Иван Иванович,2015-04-15,3
2019,7,Ковалев Иван Иванович,2015-02-05,4
2021,1,Ковалев Иван Иванович,2013-07-25,3
2025,2,Ковалев Иван Иванович,2014-02-16,2
2020,4,Ковалев Иван Иванович,2012-12-31,2
2022,2,Ковалев Иван Иванович,2016-06-08,3
2023,1,Ковалев Иван Иванович,2006-11-07,2
2018,2,Ковалев Иван Иванович,2007-01-22,3
2023,2,Ковалев Иван Иванович,2008-07-26,2
2025,8,Ковалев Иван Иванович,2016-12-26,3
2021,7,Ковалев Иван Иванович,2012-10-10,1
2025,9,Ковалев Иван Иванович,2014-10-27,3
2024,4,Ковалев Иван Иванович,2011-08-11,3
2025,4,Ковалев Иван Иванович,2015-03-26,3
2021,4,Ковалев Иван Иванович,2016-07-13,2
2023,4,Ковалев Иван Иванович,2016-03-11,3
2018,9,Ковалев Иван Иванович,2009-09-01,4
2024,6,Ковалев Иван Иванович,2015-03-26,3
2022,4,Ковалев Иван Иванович,2015-04-14,2
2023,3,Ковалев Иван Иванович,2015-08-24,4
2021,6,Ковалев Иван Иванович,2015-12-28,3
2024,5,Ковалев Иван Иванович,2006-07-31,2
2018,7,Ковалев Иван Иванович,2006-05-23,4
2023,4,Ковалев Иван Иванович,2014-08-20,3
2018,9,Ковалев Иван Иванович,2011-01-13,4
2023,1,Ковалев Иван Иванович,2008-01-23,1
2023,4,Ковалев Иван Иванович,2008-09-29,4
2023,4,Ковалев Иван Иванович,2011-02-11,3
2023,7,Ковалев Иван Иванович,2007-08-02,4
2022,7,Ковалев Иван Иванович,2010-08-14,2
2020,2,Ковалев Иван Иванович,2012-03-08,3
2020,1,Ковалев Иван Иванович,2007-10-09,1
2025,5,Ковалев Иван Иванович,2015-02-11,1
2025,7,Ковалев Иван Иванович,2016-04-07,3
2021,4,Ковалев Иван Иванович,2012-01-27,4
2019,3,Ковалев Иван Иванович,2010-06-25,1
2018,4,Ковалев Иван Иванович,2015-12-19,4
2022,8,Ковалев Иван Иванович,2007-03-01,4
2025,2,Ковалев Иван Иванович,2015-07-21,4
2018,10,Ковалев Иван Иванович,2008-04-19,2
2024,1,Ковалев Иван Иванович,2015-08-11,1
2023,9,Ковалев Иван Иванович,2013-07-22,2
2025,6,Ковалев Иван Иванович,2014-05-04,3
2021,4,Ковалев Иван Иванович,2011-09-17,4
2021,6,Ковалев Иван Иванович,2013-02-20,2
2018,7,Ковалев Иван Иванович,2006-11-17,1
2018,10,Ковалев Иван Иванович,2016-01-26,3
2024,3,Ковалев Иван Иванович,2008-12-02,1
2024,2,Ковалев Иван Иванович,2013-05-21,4
2021,3,Ковалев Иван Иванович,2006-06-14,4
2019,3,Ковалев Иван Иванович,2016-07-07,2
2019,6,Ковалев Иван Иванович,2014-05-13,4
2022,7,Ковалев Иван Иванович,2014-10-10,2
2022,6,Ковалев Иван Иванович,2008-12-07,3
2021,4,Ковалев Иван Иванович,2014-09-30,1
2018,7,Ковалев Иван Иванович,2009-09-04,4
2019,5,Ковалев Иван Иванович,2016-07-04,4
2022,6,Ковалев Иван Иванович,2013-06-09,2
2022,9,Ковалев Иван Иванович,2014-03-09,4
2022,8,Ковалев Иван Иванович,2015-07-16,2
2025,4,Ковалев Иван Иванович,2015-03-10,1
2025,10,Ковалев Иван Иванович,2009-09-30,1
2022,1,Ковалев Иван Иванович,2011-06-07,4
2022,8,Ковалев Иван Иванович,2015-11-20,1
2023,4,Ковалев Иван Иванович,2008-02-29,2
2018,9,Ковалев Иван Иванович,2008-12-20,4
2022,8,Ковалев Иван Иванович,2016-08-09,3
2025,10,Ковалев Иван Иванович,2010-05-15,4
2023,5,Ковалев Иван Иванович,2006-04-21,4
2022,3,Ковалев Иван Иванович,2009-09-18,1
2025,10,Ковалев Иван Иванович,2016-05-25,3
2021,1,Ковалев Иван Иванович,2006-11-24,3
2018,3,Ковалев Иван Иванович,2007-10-16,3
2021,6,Ковалев Иван Иванович,2013-06-24,2
2023,1,Ковалев Иван Иванович,2016-04-12,2
2025,1,Ковалев Иван Иванович,2015-04-07,1
2023,4,Ковалев Иван Иванович,2010-09-09,3
2020,5,Ковалев Иван Иванович,2009-12-31,1
2020,3,Ковалев Иван Иванович,2015-07-03,4
2022,10,Ковалев Иван Иванович,2010-03-30,1
2025,1,Ковалев Иван Иванович,2011-10-07,1
2023,6,Ковалев Иван Иванович,2011-07-08,2
2023,4,Ковалев Иван Иванович,2007-10-13,2
2018,4,Ковалев Иван Иванович,2008-10-04,2
2024,1,Ковалев Иван Иванович,2008-03-16,4
2019,6,Ковалев Иван Иванович,2006-06-02,3
2025,8,Ковалев Иван Иванович,2014-02-23,3
2025,9,Ковалев Иван Иванович,2006-05-22,4
2019,3,Ковалев Иван Иванович,2006-11-03,2
2022,10,Ковалев Иван Иванович,2012-03-16,2
2022,9,Ковалев Иван Иванович,2007-05-15,1
2021,1,Ковалев Иван Иванович,2009-08-27,1
2023,4,Ковалев Иван Иванович,2006-04-20,3
2019,9,Ковалев Иван Иванович,2007-01-20,3
2021,6,Ковалев Иван Иванович,2008-06-30,3
2022,8,Ковалев Иван Иванович,2013-07-11,1
2025,4,Ковалев Иван Иванович,2007-08-01,2
2025,4,Ковалев Иван Иванович,2016-07-09,3
2020,8,Ковалев Иван Иванович,2008-08-10,1
2025,1,Ковалев Иван Иванович,2015-08-06,2
2020,1,Ковалев Иван Иванович,2008-01-09,2
2021,10,Ковалев Иван Иванович,2012-12-18,2
2025,8,Ковалев Иван Иванович,2016-06-17,2
2025,2,Ковалев Иван Иванович,2007-02-20,4
2023,9,Ковалев Иван Иванович,2015-09-09,3
2020,7,Ковалев Иван Иванович,2007-04-25,3
2019,4,Ковалев Иван Иванович,2015-10-07,1
2022,10,Ковалев Иван Иванович,2008-05-10,4
2023,9,Ковалев Иван Иванович,2011-02-23,1
2019,3,Ковалев Иван Иванович,2010-12-24,3
2018,9,Ковалев Иван Иванович,2007-02-03,1
2021,5,Ковалев Иван Иванович,2013-01-14,4
2025,1,Ковалев Иван Иванович,2008-02-20,1
2021,4,Ковалев Иван Иванович,2006-03-25,1
2018,6,Ковалев Иван Иванович,2013-11-21,4
2025,6,Ковалев Иван Иванович,2014-10-28,4
2024,5,Ковалев Иван Иванович,2013-11-16,4
2018,3,Ковалев Иван Иванович,2013-10-19,1
2025,6,Ковалев Иван Иванович,2006-06-04,2
2022,10,Ковалев Иван Иванович,2011-04-30,1
2023,2,Ковалев Иван Иванович,2008-03-27,1
2019,9,Ковалев Иван Иванович,2008-02-09,3
2025,4,Ковалев Иван Иванович,2009-11-14,1
2023,6,Ковалев Иван Иванович,2014-03-29,3
2022,5,Ковалев Иван Иванович,2008-12-18,2
2025,7,Ковалев Иван Иванович,2006-07-30,3
2020,1,Ковалев Иван Иванович,2013-12-10,4
2019,5,Ковалев Иван Иванович,2009-01-25,2
2019,4,Ковалев Иван Иванович,2011-03-23,2
2018,8,Ковалев Иван Иванович,2014-08-25,1
2020,10,Ковалев Иван Иванович,2010-04-06,4
2022,10,Ковалев Иван Иванович,2009-10-17,2
2020,4,Ковалев Иван Иванович,2009-12-21,4
2019,3,Ковалев Иван Иванович,2009-06-29,1
2022,1,Ковалев Иван Иванович,2011-06-23,3
2020,10,Ковалев Иван Иванович,2008-04-30,3
2019,4,Ковалев Иван Иванович,2015-05-06,3
2023,6,Ковалев Иван Иванович,2014-12-18,3
2024,2,Ковалев Иван Иванович,2015-11-04,2
2020,4,Ковалев Иван Иванович,2014-02-24,3
2021,1,Ковалев Иван Иванович,2015-07-19,4
2021,7,Ковалев Иван Иванович,2010-09-14,4
2025,3,Ковалев Иван Иванович,2010-10-04,3
2025,5,Ковалев Иван Иванович,2008-11-22,3
2025,4,Ковалев Иван Иванович,2016-08-24,2
2018,3,Ковалев Иван Иванович,2008-01-14,1
2025,1,Ковалев Иван Иванович,2009-11-24,2
2025,8,Ковалев Иван Иванович,2013-06-12,4
2023,2,Ковалев Иван Иванович,2016-11-11,3
2022,10,Ковалев Иван Иванович,2006-01-13,3
2021,3,Ковалев Иван Иванович,2016-12-14,4
2018,5,Ковалев Иван Иванович,2015-03-02,3
2025,6,Ковалев Иван Иванович,2014-12-17,4
2020,2,Ковалев Иван Иванович,2008-07-16,4
2025,1,Ковалев Иван Иванович,2008-05-03,4
2024,9,Ковалев Иван Иванович,2011-04-17,4
2022,6,Ковалев Иван Иванович,2009-12-25,2
2021,8,Ковалев Иван Иванович,2011-03-13,1
2020,3,Ковалев Иван Иванович,2015-10-11,1
2021,3,Ковалев Иван Иванович,2009-06-27,1
2019,3,Ковалев Иван Иванович,2008-10-28,4
2024,10,Ковалев Иван Иванович,2014-08-16,1
2023,3,Ковалев Иван Иванович,2014-03-28,4
2024,3,Ковалев Иван Иванович,2006-08-16,3
2025,2,Ковалев Иван Иванович,2006-01-20,3
2021,4,Ковалев Иван Иванович,2011-02-15,1
2021,5,Ковалев Иван Иванович,2016-03-07,1
2019,1,Ковалев Иван Иванович,2009-09-11,4
2023,7,Ковалев Иван Иванович,2007-11-09,1
2018,9,Ковалев Иван Иванович,2008-12-08,1
2019,7,Ковалев Иван Иванович,2006-11-13,1
2021,1,Ковалев Иван Иванович,2008-08-12,3
2024,3,Ковалев Иван Иванович,2011-09-28,2
2019,5,Ковалев Иван Иванович,2007-04-27,3
2020,3,Ковалев Иван Иванович,2015-06-11,1
2024,10,Ковалев Иван Иванович,2010-12-12,3
2021,3,Ковалев Иван Иванович,2006-10-11,4
2021,1,Ковалев Иван Иванович,2015-11-06,4
2022,10,Ковалев Иван Иванович,2010-08-26,4
2020,10,Ковалев Иван Иванович,2007-06-12,4
2023,8,Ковалев Иван Иванович,2009-02-12,3
2018,6,Ковалев Иван Иванович,2014-07-02,2
2019,3,Ковалев Иван Иванович,2007-02-25,1
2022,5,Ковалев Иван Иванович,2012-07-30,4
2020,3,Ковалев Иван Иванович,2008-09-15,2
2022,3,Ковалев Иван Иванович,2016-06-03,2
2025,3,Ковалев Иван Иванович,2014-04-26,3
2021,8,Ковалев Иван Иванович,2012-01-01,3
2020,10,Ковалев Иван Иванович,2015-07-15,3
2024,4,Ковалев Иван Иванович,2015-05-02,3
2018,8,Ковалев Иван Иванович,2011-06-15,1
2021,3,Ковалев Иван Иванович,2006-01-04,1
2021,7,Ковалев Иван Иванович,2013-11-10,1
2019,5,Ковалев Иван Иванович,2015-09-02,4
2019,5,Ковалев Иван Иванович,2008-06-20,3
2023,9,Ковалев Иван Иванович,2006-01-10,1
2022,7,Ковалев Иван Иванович,2012-12-09,3
2024,5,Ковалев Иван Иванович,2008-08-03,3
2019,7,Ковалев Иван Иванович,2012-07-16,3
2022,3,Ковалев Иван Иванович,2010-03-05,3
2021,5,Ковалев Иван Иванович,2012-07-24,4
2019,2,Ковалев Иван Иванович,2014-10-03,3
2020,9,Ковалев Иван Иванович,2007-05-09,2
2023,10,Ковалев Иван Иванович,2011-09-16,4
2024,8,Ковалев Иван Иванович,2011-08-23,1
2020,1,Ковалев Иван Иванович,2011-01-14,3
2023,8,Ковалев Иван Иванович,2009-03-06,1
2025,10,Ковалев Иван Иванович,2014-10-10,4
2018,10,Ковалев Иван Иванович,2015-08-27,4
2024,5,Ковалев Иван Иванович,2009-01-11,2
2025,2,Ковалев Иван Иванович,2009-09-23,3
2022,6,Ковалев Иван Иванович,2012-01-06,4
2021,7,Ковалев Иван Иванович,2010-07-18,1
2025,7,Ковалев Иван Иванович,2006-03-21,3
2022,10,Ковалев Иван Иванович,2015-07-20,2
2019,7,Ковалев Иван Иванович,2014-08-18,4
2025,10,Ковалев Иван Иванович,2011-09-07,3
2024,6,Ковалев Иван Иванович,2008-02-29,3
2025,4,Ковалев Иван Иванович,2011-10-07,2
2022,8,Ковалев Иван Иванович,2013-11-08,4
2023,4,Ковалев Иван Иванович,2010-07-01,3
2023,10,Ковалев Иван Иванович,2011-05-20,2
2023,1,Ковалев Иван Иванович,2007-03-02,3
2025,1,Ковалев Иван Иванович,2012-08-11,4
2023,8,Ковалев Иван Иванович,2014-07-25,4
2020,10,Ковалев Иван Иванович,2012-09-25,1
2021,6,Ковалев Иван Иванович,2011-09-29,3
2024,1,Ковалев Иван Иванович,2016-05-15,4
2023,1,Ковалев Иван Иванович,2015-08-05,1
2019,1,Ковалев Иван Иванович,2016-05-04,2
2024,8,Ковалев Иван Иванович,2007-08-18,3
2018,10,Ковалев Иван Иванович,2007-06-29,4
2025,6,Ковалев Иван Иванович,2007-05-08,1
2022,7,Ковалев Иван Иванович,2011-09-05,4
2022,3,Ковалев Иван Иванович,2010-10-28,4
2019,2,Ковалев Иван Иванович,2012-06-18,2
2022,5,Ковалев Иван Иванович,2008-09-21,1
2019,2,Ковалев Иван Иванович,2014-09-15,2
2022,4,Ковалев Иван Иванович,2013-02-09,1
2022,7,Ковалев Иван Иванович,2007-02-06,1
2021,9,Ковалев Иван Иванович,2008-02-14,1
2019,10,Ковалев Иван Иванович,2014-05-10,4
2018,7,Ковалев Иван Иванович,2016-10-18,2
2020,6,Ковалев Иван Иванович,2015-01-13,3
2021,7,Ковалев Иван Иванович,2011-06-18,3
2019,2,Ковалев Иван Иванович,2010-07-13,1
2022,10,Ковалев Иван Иванович,2010-12-24,4
2023,5,Ковалев Иван Иванович,2012-02-10,4
2022,1,Ковалев Иван Иванович,2006-07-31,2
2023,2,Ковалев Иван Иванович,2014-10-06,2
2024,5,Ковалев Иван Иванович,2012-03-04,1
2018,1,Ковалев Иван Иванович,2013-07-11,4
2024,3,Ковалев Иван Иванович,2008-02-29,1
2022,1,Ковалев Иван Иванович,2010-06-15,4
2025,6,Ковалев Иван Иванович,2009-11-24,1
2023,2,Ковалев Иван Иванович,2009-11-10,4
2019,5,Ковалев Иван Иванович,2010-04-01,4
2021,5,Ковалев Иван Иванович,2012-09-09,2
2025,4,Ковалев Иван Иванович,2006-09-22,2
2023,7,Ковалев Иван Иванович,2006-03-17,4
2021,7,Ковалев Иван Иванович,2010-02-15,3
2018,5,Ковалев Иван Иванович,2010-04-14,1
2021,6,Ковалев Иван Иванович,2016-07-26,1
2022,2,Ковалев Иван Иванович,2006-08-21,4
2023,9,Ковалев Иван Иванович,2012-06-08,4
2024,9,Ковалев Иван Иванович,2015-12-03,4
2024,8,Ковалев Иван Иванович,2013-03-01,3
2018,9,Ковалев Иван Иванович,2010-04-16,3
2019,3,Ковалев Иван Иванович,2010-01-21,4
2021,7,Ковалев Иван Иванович,2014-09-21,4
2021,5,Ковалев Иван Иванович,2007-08-09,1
2018,1,Ковалев Иван Иванович,2013-06-20,4
2023,7,Ковалев Иван Иванович,2007-09-02,2
2019,9,Ковалев Иван Иванович,2012-12-24,3
2024,5,Ковалев Иван Иванович,2015-02-08,4
2023,3,Ковалев Иван Иванович,2011-07-06,4
2020,8,Ковалев Иван Иванович,2015-10-15,3
2021,10,Ковалев Иван Иванович,2009-10-03,2
2021,4,Ковалев Иван Иванович,2014-03-12,2
2025,4,Ковалев Иван Иванович,2016-05-07,4
2022,7,Ковалев Иван Иванович,2010-09-10,1
2021,10,Ковалев Иван Иванович,2016-06-17,4
2023,1,Ковалев Иван Иванович,2006-02-09,3
2024,7,Ковалев Иван Иванович,2012-07-13,1
2023,1,Ковалев Иван Иванович,2013-06-29,1
2022,9,Ковалев Иван Иванович,2009-01-19,4
2023,1,Ковалев Иван Иванович,2015-11-19,4
2019,2,Ковалев Иван Иванович,2015-10-22,1
2025,7,Ковалев Иван Иванович,2008-06-07,1
2023,8,Ковалев Иван Иванович,2016-05-23,2
2019,8,Ковалев Иван Иванович,2010-05-12,4
2020,9,Ковалев Иван Иванович,2011-12-12,2
2024,9,Ковалев Иван Иванович,2014-07-10,2
2022,7,Ковалев Иван Иванович,2006-11-17,2
2018,1,Ковалев Иван Иванович,2014-08-24,3
2025,6,Ковалев Иван Иванович,2008-01-04,4
2021,7,Ковалев Иван Иванович,2007-06-14,3
2018,7,Ковалев Иван Иванович,2008-05-05,4
2019,4,Ковалев Иван Иванович,2011-05-18,3
2024,6,Ковалев Иван Иванович,2016-01-01,4
2023,4,Ковалев Иван Иванович,2013-03-13,4
2023,5,Ковалев Иван Иванович,2010-02-14,2
2018,3,Ковалев Иван Иванович,2010-02-15,2
2018,1,Ковалев Иван Иванович,2009-08-04,3
2020,6,Ковалев Иван Иванович,2009-08-02,1
2021,5,Ковалев Иван Иванович,2015-08-26,2
2023,8,Ковалев Иван Иванович,2008-12-19,2
2022,2,Ковалев Иван Иванович,2006-12-28,2
2019,1,Ковалев Иван Иванович,2006-10-26,1
2018,10,Ковалев Иван Иванович,2007-11-06,4
2025,5,Ковалев Иван Иванович,2009-12-22,1
2023,6,Ковалев Иван Иванович,2014-11-27,1
2024,4,Ковалев Иван Иванович,2007-09-30,3
2025,5,Ковалев Иван Иванович,2009-08-10,1
2018,7,Ковалев Иван Иванович,2015-06-21,1
2018,8,Ковалев Иван Иванович,2016-03-29,1
2023,1,Ковалев Иван Иванович,2014-01-18,1
2022,3,Ковалев Иван Иванович,2010-02-25,1
2024,3,Ковалев Иван Иванович,2014-11-07,2
2020,2,Ковалев Иван Иванович,2011-07-17,2
2019,8,Ковалев Иван Иванович,2012-06-18,3
2022,2,Ковалев Иван Иванович,2015-11-17,3
2023,5,Ковалев Иван Иванович,2011-10-21,2
2024,2,Ковалев Иван Иванович,2012-06-23,2
2022,8,Ковалев Иван Иванович,2007-06-09,3
2019,4,Ковалев Иван Иванович,2009-07-28,3
2019,2,Ковалев Иван Иванович,2008-06-16,1
2023,6,Ковалев Иван Иванович,2007-03-15,3
2025,4,Ковалев Иван Иванович,2011-08-07,1
2020,6,Ковалев Иван Иванович,2016-10-04,3
2019,9,Ковалев Иван Иванович,2015-12-16,2
2022,10,Ковалев Иван Иванович,2010-05-16,1
2020,4,Ковалев Иван Иванович,2009-05-17,4
2023,3,Ковалев Иван Иванович,2013-06-14,1
2018,3,Ковалев Иван Иванович,2015-09-15,4
2025,10,Ковалев Иван Иванович,2013-10-09,1
2024,8,Ковалев Иван Иванович,2012-10-03,4
2022,8,Ковалев Иван Иванович,2012-01-01,1
2022,4,Ковалев Иван Иванович,2007-02-17,1
2020,5,Ковалев Иван Иванович,2007-07-01,3
2021,1,Ковалев Иван Иванович,2007-03-07,3
2023,8,Ковалев Иван Иванович,2012-12-02,2
2020,2,Ковалев Иван Иванович,2013-12-06,3
2025,5,Ковалев Иван Иванович,2012-01-25,3
2018,6,Ковалев Иван Иванович,2006-08-08,2
2024,1,Ковалев Иван Иванович,2009-07-29,1
2021,6,Ковалев Иван Иванович,2006-11-25,3
2022,8,Ковалев Иван Иванович,2006-06-03,3
2018,3,Ковалев Иван Иванович,2011-04-09,1
2019,10,Ковалев Иван Иванович,2012-07-30,2
2023,10,Ковалев Иван Иванович,2007-07-11,2
2020,5,Ковалев Иван Иванович,2006-05-06,2
2019,7,Ковалев Иван Иванович,2015-03-27,2
2021,8,Ковалев Иван Иванович,2008-12-20,1
2018,8,Ковалев Иван Иванович,2015-03-06,4
2018,1,Ковалев Иван Иванович,2016-05-30,1
2018,6,Ковалев Иван Иванович,2014-07-22,4
2020,5,Ковалев Иван Иванович,2012-06-18,1
2021,1,Ковалев Иван Иванович,2012-05-07,4
2022,3,Ковалев Иван Иванович,2012-08-25,1
2021,6,Ковалев Иван Иванович,2016-09-29,2
2024,4,Ковалев Иван Иванович,2010-10-23,2
2022,7,Ковалев Иван Иванович,2010-03-30,2
2018,3,Ковалев Иван Иванович,2007-06-11,2
2022,10,Ковалев Иван Иванович,2011-09-27,2
2023,10,Ковалев Иван Иванович,2007-04-10,1
2018,3,Ковалев Иван Иванович,2006-01-12,2
2019,2,Ковалев Иван Иванович,2009-02-05,1
2020,5,Ковалев Иван Иванович,2006-01-31,2
2022,2,Ковалев Иван Иванович,2011-01-19,2
2021,1,Ковалев Иван Иванович,2014-12-10,4
2019,9,Ковалев Иван Иванович,2014-06-22,2
2025,5,Ковалев Иван Иванович,2015-03-18,1
2022,7,Ковалев Иван Иванович,2007-05-26,4
2022,3,Ковалев Иван Иванович,2007-04-03,3
2020,9,Ковалев Иван Иванович,2015-05-03,4
2018,5,Ковалев Иван Иванович,2011-11-19,4
2024,4,Ковалев Иван Иванович,2006-10-27,4
2024,2,Ковалев Иван Иванович,2010-08-23,1
2024,6,Ковалев Иван Иванович,2016-03-25,1
2023,7,Ковалев Иван Иванович,2016-08-27,1
2022,6,Ковалев Иван Иванович,2011-06-11,2
2024,1,Ковалев Иван Иванович,2009-12-14,4
2024,9,Ковалев Иван Иванович,2013-10-06,1
2020,4,Ковалев Иван Иванович,2015-10-25,4
2023,5,Ковалев Иван Иванович,2006-09-28,1
2019,1,Ковалев Иван Иванович,2016-07-14,3
2025,10,Ковалев Иван Иванович,2011-01-06,3
2020,3,Ковалев Иван Иванович,2008-06-16,3
2022,5,Ковалев Иван Иванович,2015-04-28,1
2019,4,Ковалев Иван Иванович,2006-10-19,3
2022,4,Ковалев Иван Иванович,2015-04-05,2
2025,7,Ковалев Иван Иванович,2010-02-15,2
2021,8,Ковалев Иван Иванович,2011-12-06,2
2023,1,Ковалев Иван Иванович,2016-02-29,4
2020,7,Ковалев Иван Иванович,2006-06-09,2
2019,7,Ковалев Иван Иванович,2016-12-18,1
2023,2,Ковалев Иван Иванович,2012-03-07,2
2025,1,Ковалев Иван Иванович,2006-01-12,4
2020,3,Ковалев Иван Иванович,2007-12-10,2
2024,7,Ковалев Иван Иванович,2008-05-09,4
2022,10,Ковалев Иван Иванович,2013-09-24,3
2018,5,Ковалев Иван Иванович,2015-03-17,3
2025,7,Ковалев Иван Иванович,2014-01-27,1
2024,6,Ковалев Иван Иванович,2015-09-17,4
2023,7,Ковалев Иван Иванович,2014-06-13,4
2018,3,Ковалев Иван Иванович,2012-04-06,4
2020,4,Ковалев Иван Иванович,2008-10-31,4
2018,6,Ковалев Иван Иванович,2014-06-02,3
2024,4,Ковалев Иван Иванович,2008-08-19,1
2023,9,Ковалев Иван Иванович,2012-04-08,2
2021,3,Ковалев Иван Иванович,2015-04-29,3
2025,1,Ковалев Иван Иванович,2016-12-14,4
2025,7,Ковалев Иван Иванович,2014-06-03,3
2024,5,Ковалев Иван Иванович,2012-07-28,4
2023,1,Ковалев Иван Иванович,2007-03-25,3
2023,6,Ковалев Иван Иванович,2013-11-06,3
2018,10,Ковалев Иван Иванович,2010-04-17,1
2018,8,Ковалев Иван Иванович,2008-07-08,3
2020,9,Ковалев Иван Иванович,2016-03-12,2
2019,9,Ковалев Иван Иванович,2007-05-26,2
2025,9,Ковалев Иван Иванович,2011-01-06,1
2024,5,Ковалев Иван Иванович,2009-11-07,4
2020,1,Ковалев Иван Иванович,2007-04-03,3
2021,10,Ковалев Иван Иванович,2013-01-23,1
2019,3,Ковалев Иван Иванович,2006-07-20,2
2025,1,Ковалев Иван Иванович,2011-12-25,4
2022,4,Ковалев Иван Иванович,2007-06-19,2
2025,1,Ковалев Иван Иванович,2009-08-03,2
2022,3,Ковалев Иван Иванович,2011-12-01,3
2024,10,Ковалев Иван Иванович,2014-03-01,2
2019,9,Ковалев Иван Иванович,2014-01-02,1
2022,7,Ковалев Иван Иванович,2012-10-07,4
2019,9,Ковалев Иван Иванович,2010-11-24,1
2024,1,Ковалев Иван Иванович,2009-01-28,4
2021,7,Ковалев Иван Иванович,2016-05-24,4
2020,10,Ковалев Иван Иванович,2014-02-22,3
2024,4,Ковалев Иван Иванович,2014-05-04,1
2020,4,Ковалев Иван Иванович,2016-08-19,2
2021,4,Ковалев Иван Иванович,2011-10-11,4
2025,2,Ковалев Иван Иванович,2013-07-03,3
2025,7,Ковалев Иван Иванович,2013-12-19,2
2020,4,Ковалев Иван Иванович,2010-10-09,1
2018,2,Ковалев Иван Иванович,2014-04-20,2
2021,1,Ковалев Иван Иванович,2009-05-11,2
2025,10,Ковалев Иван Иванович,2015-04-05,2
2024,3,Ковалев Иван Иванович,2008-10-06,1
2020,3,Ковалев Иван Иванович,2006-04-12,1
2025,5,Ковалев Иван Иванович,2012-05-30,4
2023,5,Ковалев Иван Иванович,2008-10-12,4
2018,10,Ковалев Иван Иванович,2011-08-06,1
2020,9,Ковалев Иван Иванович,2015-11-26,3
2019,1,Ковалев Иван Иванович,2008-12-16,3
2024,2,Ковалев Иван Иванович,2010-03-03,3
2021,2,Ковалев Иван Иванович,2006-05-04,1
2018,2,Ковалев Иван Иванович,2016-03-25,1
2024,10,Ковалев Иван Иванович,2013-04-27,1
2019,5,Ковалев Иван Иванович,2009-01-21,1
2018,5,Ковалев Иван Иванович,2010-07-31,1
2024,1,Ковалев Иван Иванович,2013-06-26,4
2025,5,Ковалев Иван Иванович,2015-09-18,2
2025,6,Ковалев Иван Иванович,2015-07-29,2
2022,7,Ковалев Иван Иванович,2006-10-02,4
2021,7,Ковалев Иван Иванович,2016-05-30,3
2025,10,Ковалев Иван Иванович,2006-04-28,1
2024,7,Ковалев Иван Иванович,2015-08-07,3
2020,1,Ковалев Иван Иванович,2016-03-28,1
2019,10,Ковалев Иван Иванович,2006-07-06,1
2019,1,Ковалев Иван Иванович,2012-07-29,2
2024,5,Ковалев Иван Иванович,2009-08-10,2
2019,4,Ковалев Иван Иванович,2014-07-29,3
2022,7,Ковалев Иван Иванович,2011-07-21,4
2019,3,Ковалев Иван Иванович,2006-07-24,2
2024,1,Ковалев Иван Иванович,2006-11-04,3
2021,8,Ковалев Иван Иванович,2015-08-16,3
2018,10,Ковалев Иван Иванович,2006-05-25,4
2018,1,Ковалев Иван Иванович,2013-09-12,4
2018,10,Ковалев Иван Иванович,2008-03-19,4
2024,9,Ковалев Иван Иванович,2007-11-17,4
2020,2,Ковалев Иван Иванович,2008-09-29,4
2025,3,Ковалев Иван Иванович,2006-09-27,4
2019,9,Ковалев Иван Иванович,2013-05-07,2
2021,3,Ковалев Иван Иванович,2014-09-21,4
2025,1,Ковалев Иван Иванович,2015-12-07,4
2022,2,Ковалев Иван Иванович,2014-09-01,2
2025,10,Ковалев Иван Иванович,2012-08-03,4
2024,10,Ковалев Иван Иванович,2009-03-24,1
2023,6,Ковалев Иван Иванович,2008-10-12,4
2024,4,Ковалев Иван Иванович,2009-12-25,3
2018,10,Ковалев Иван Иванович,2015-04-21,1
2022,3,Ковалев Иван Иванович,2009-08-04,2
2022,10,Ковалев Иван Иванович,2014-08-07,1
2025,1,Ковалев Иван Иванович,2016-03-24,3
2024,1,Ковалев Иван Иванович,2006-03-08,1
2019,5,Ковалев Иван Иванович,2010-10-07,4
2019,10,Ковалев Иван Иванович,2013-06-15,3
2021,7,Ковалев Иван Иванович,2011-11-19,1
2022,5,Ковалев Иван Иванович,2016-12-13,2
2018,6,Ковалев Иван Иванович,2014-12-26,4
2024,6,Ковалев Иван Иванович,2015-04-27,4
2025,4,Ковалев Иван Иванович,2012-07-06,1
2019,7,Ковалев Иван Иванович,2015-10-07,1
2023,1,Ковалев Иван Иванович,2006-08-26,2
2023,7,Ковалев Иван Иванович,2010-08-05,3
2022,1,Ковалев Иван Иванович,2016-03-03,4
2021,6,Ковалев Иван Иванович,2006-07-07,3
2020,10,Ковалев Иван Иванович,2009-12-11,3
2020,3,Ковалев Иван Иванович,2009-08-20,1
2025,3,Ковалев Иван Иванович,2012-08-14,4
2025,6,Ковалев Иван Иванович,2014-11-03,1
2021,4,Ковалев Иван Иванович,2010-05-23,3
2023,6,Ковалев Иван Иванович,2009-09-25,2
2022,3,Ковалев Иван Иванович,2007-02-10,4
2025,10,Ковалев Иван Иванович,2009-08-12,3
2020,8,Ковалев Иван Иванович,2015-09-10,3
2024,2,Ковалев Иван Иванович,2010-11-09,1
2019,6,Ковалев Иван Иванович,2008-01-23,4
2018,9,Ковалев Иван Иванович,2013-01-07,2
2025,6,Ковалев Иван Иванович,2008-06-05,3
2020,9,Ковалев Иван Иванович,2009-03-07,1
2024,2,Ковалев Иван Иванович,2008-10-30,4
2018,6,Ковалев Иван Иванович,2015-10-20,3
2023,5,Ковалев Иван Иванович,2015-03-15,4
2020,3,Ковалев Иван Иванович,2007-11-17,1
2022,6,Ковалев Иван Иванович,2011-12-12,3
2025,9,Ковалев Иван Иванович,2010-03-06,4
2022,7,Ковалев Иван Иванович,2010-09-03,1
2022,9,Ковалев Иван Иванович,2012-12-20,1
2021,9,Ковалев Иван Иванович,2012-11-12,2
2019,8,Ковалев Иван Иванович,2016-12-28,1
2024,2,Ковалев Иван Иванович,2010-07-26,3
2025,6,Ковалев Иван Иванович,2012-11-16,2
2020,9,Ковалев Иван Иванович,2008-12-28,3
2024,4,Ковалев Иван Иванович,2006-10-30,1
2022,9,Ковалев Иван Иванович,2014-12-16,1
2021,7,Ковалев Иван Иванович,2010-09-28,1
2022,6,Ковалев Иван Иванович,2008-02-26,4
2018,4,Ковалев Иван Иванович,2007-07-20,1
2025,9,Ковалев Иван Иванович,2013-05-09,3
2021,9,Ковалев Иван Иванович,2013-07-17,1
2020,8,Ковалев Иван Иванович,2011-08-01,4
2023,4,Ковалев Иван Иванович,2015-08-19,1
2018,3,Ковалев Иван Иванович,2006-06-26,2
2019,3,Ковалев Иван Иванович,2011-11-17,4
2020,4,Ковалев Иван Иванович,2009-01-12,3
2025,7,Ковалев Иван Иванович,2012-04-26,2
2020,7,Ковалев Иван Иванович,2007-01-22,2
2019,9,Ковалев Иван Иванович,2006-05-24,3
2020,1,Ковалев Иван Иванович,2011-10-09,4
2021,4,Ковалев Иван Иванович,2014-09-02,1
2025,3,Ковалев Иван Иванович,2016-07-29,4
2024,7,Ковалев Иван Иванович,2011-10-20,3
2019,8,Ковалев Иван Иванович,2012-04-15,2
2025,5,Ковалев Иван Иванович,2009-05-08,1
2018,2,Ковалев Иван Иванович,2015-01-11,1
2019,8,Ковалев Иван Иванович,2016-08-13,4
2021,9,Ковалев Иван Иванович,2010-03-19,4
2021,5,Ковалев Иван Иванович,2006-11-22,1
2019,3,Ковалев Иван Иванович,2013-03-09,1
2022,1,Ковалев Иван Иванович,2011-08-22,1
2023,8,Ковалев Иван Иванович,2011-10-09,2
2024,5,Ковалев Иван Иванович,2014-06-07,3
2020,3,Ковалев Иван Иванович,2013-12-24,3
2025,8,Ковалев Иван Иванович,2007-05-05,1
2020,1,Ковалев Иван Иванович,2010-08-09,4
2025,4,Ковалев Иван Иванович,2013-08-20,4
2024,2,Ковалев Иван Иванович,2008-02-12,3
2025,6,Ковалев Иван Иванович,2010-02-27,3
2019,6,Ковалев Иван Иванович,2015-03-23,4
2021,9,Ковалев Иван Иванович,2008-12-26,1
2025,4,Ковалев Иван Иванович,2006-11-21,2
2023,10,Ковалев Иван Иванович,2009-01-15,4
2020,2,Ковалев Иван Иванович,2011-10-10,3
2020,2,Ковалев Иван Иванович,2006-01-22,3
2022,10,Ковалев Иван Иванович,2011-09-01,3
2024,1,Ковалев Иван Иванович,2014-04-16,1
2022,9,Ковалев Иван Иванович,2013-03-30,4
2018,3,Ковалев Иван Иванович,2009-07-18,4
2023,4,Ковалев Иван Иванович,2008-10-16,1
2018,9,Ковалев Иван Иванович,2006-10-24,3
2020,10,Ковалев Иван Иванович,2011-04-17,1
2021,9,Ковалев Иван Иванович,2010-07-30,4
2020,9,Ковалев Иван Иванович,2006-07-05,3
2025,5,Ковалев Иван Иванович,2012-04-17,1
2024,6,Ковалев Иван Иванович,2009-01-03,4
2020,7,Ковалев Иван Иванович,2016-03-30,3
2023,7,Ковалев Иван Иванович,2006-06-08,4
2022,1,Ковалев Иван Иванович,2014-06-12,2
2020,4,Ковалев Иван Иванович,2012-09-30,3
2020,7,Ковалев Иван Иванович,2007-05-17,4
2018,9,Ковалев Иван Иванович,2008-03-26,3
2024,7,Ковалев Иван Иванович,2015-04-23,4
2018,4,Ковалев Иван Иванович,2014-08-23,2
2024,1,Ковалев Иван Иванович,2009-04-22,4
2021,9,Ковалев Иван Иванович,2006-01-09,3
2020,5,Ковалев Иван Иванович,2012-12-08,1
2022,1,Ковалев Иван Иванович,2012-12-15,2
2018,3,Ковалев Иван Иванович,2014-04-10,2
2025,7,Ковалев Иван Иванович,2008-08-16,3
2023,2,Ковалев Иван Иванович,2015-10-04,1
2024,8,Ковалев Иван Иванович,2012-06-04,3
2022,7,Ковалев Иван Иванович,2010-07-27,2
2021,6,Ковалев Иван Иванович,2012-04-10,1
2025,9,Ковалев Иван Иванович,2009-05-02,3
2023,10,Ковалев Иван Иванович,2012-10-01,1
2019,5,Ковалев Иван Иванович,2007-11-29,1
2022,7,Ковалев Иван Иванович,2010-06-13,1
2020,10,Ковалев Иван Иванович,2014-09-02,3
2025,9,Ковалев Иван Иванович,2011-01-25,2
2019,2,Ковалев Иван Иванович,2014-08-13,1
2020,5,Ковалев Иван Иванович,2012-09-14,1
2021,9,Ковалев Иван Иванович,2011-11-19,4
2022,3,Ковалев Иван Иванович,2010-07-20,3
2025,6,Ковалев Иван Иванович,2011-03-04,2
2021,4,Ковалев Иван Иванович,2013-06-02,2
2018,1,Ковалев Иван Иванович,2007-08-25,2
2018,6,Ковалев Иван Иванович,2011-09-17,2
2020,1,Ковалев Иван Иванович,2012-07-18,4
2018,7,Ковалев Иван Иванович,2009-02-01,3
2024,1,Ковалев Иван Иванович,2013-06-14,4
2020,4,Ковалев Иван Иванович,2015-02-15,4
2018,4,Ковалев Иван Иванович,2008-03-03,4
2022,7,Ковалев Иван Иванович,2016-12-26,4
2021,6,Ковалев Иван Иванович,2013-06-18,3
2025,6,Ковалев Иван Иванович,2008-05-19,4
2025,2,Ковалев Иван Иванович,2011-06-08,4
2025,8,Ковалев Иван Иванович,2011-12-19,2
2020,10,Ковалев Иван Иванович,2011-01-14,1
2024,3,Ковалев Иван Иванович,2007-05-04,3
2022,2,Ковалев Иван Иванович,2009-06-30,4
2024,4,Ковалев Иван Иванович,2007-12-08,3
2022,5,Ковалев Иван Иванович,2012-05-05,1
2020,4,Ковалев Иван Иванович,2013-05-10,1
2023,8,Ковалев Иван Иванович,2007-06-23,2
2024,10,Ковалев Иван Иванович,2007-07-14,3
2021,4,Ковалев Иван Иванович,2015-06-22,3
2023,1,Ковалев Иван Иванович,2011-02-07,2
2025,2,Ковалев Иван Иванович,2011-03-02,4
2023,3,Ковалев Иван Иванович,2007-04-22,3
2022,8,Ковалев Иван Иванович,2008-10-17,2
2020,1,Ковалев Иван Иванович,2015-01-01,4
2022,5,Ковалев Иван Иванович,2016-12-06,4
2024,5,Ковалев Иван Иванович,2011-01-15,2
2020,5,Ковалев Иван Иванович,2010-08-10,3
2024,2,Ковалев Иван Иванович,2007-10-05,3
2019,7,Ковалев Иван Иванович,2009-01-04,3
2019,2,Ковалев Иван Иванович,2012-06-08,1
2024,9,Ковалев Иван Иванович,2008-12-13,4
2025,5,Ковалев Иван Иванович,2010-11-06,4
2025,10,Ковалев Иван Иванович,2009-07-18,4
2018,10,Ковалев Иван Иванович,2015-08-27,3
2023,6,Ковалев Иван Иванович,2008-04-20,3
2022,9,Ковалев Иван Иванович,2009-03-15,4
2019,6,Ковалев Иван Иванович,2012-08-18,4
2021,9,Ковалев Иван Иванович,2015-09-28,3
2024,2,Ковалев Иван Иванович,2015-05-17,2
2018,9,Ковалев Иван Иванович,2012-12-31,2
2021,3,Ковалев Иван Иванович,2011-10-24,3
2022,9,Ковалев Иван Иванович,2008-03-09,3
2019,3,Ковалев Иван Иванович,2006-06-24,3
2018,4,Ковалев Иван Иванович,2006-02-16,2
2023,7,Ковалев Иван Иванович,2009-12-12,2
2023,5,Ковалев Иван Иванович,2006-03-19,4
2023,9,Ковалев Иван Иванович,2011-01-17,2
2022,6,Ковалев Иван Иванович,2010-08-25,3
2018,8,Ковалев Иван Иванович,2016-12-05,3
2025,3,Ковалев Иван Иванович,2006-10-08,2
2022,7,Ковалев Иван Иванович,2014-11-27,4
2019,3,Ковалев Иван Иванович,2006-12-02,3
2018,2,Ковалев Иван Иванович,2016-02-27,3
2021,1,Ковалев Иван Иванович,2009-08-10,2
2020,4,Ковалев Иван Иванович,2016-07-20,4
